<?xml version="1.0" encoding="utf-8"?>
<modification>
    <name>KATMERSOFT ADMIN AUTO LOGIN</name>
    <version>3.0.5</version>
    <author>KATMERSOFT</author>
    <link>umitkatmer.com.tr</link>
    <code>katmer-soft-admin-auto-login</code>
    
<file path="admin/controller/common/login.php" >

  <operation >
  <search ><![CDATA[$this->response->redirect($this->request->post['redirect'] . '&user_token=' . $this->session->data['user_token']);]]></search>
  <add position="before" ><![CDATA[
	$dataloginjson = array(
		"user_token" => $this->session->data['user_token'],
		"username"      => $this->request->post['username'],
		"password"   => $this->request->post['password'],
		"user_id"   => $this->session->data['user_id']
	);
	$dataloginjson = base64_encode(serialize($dataloginjson));
	setcookie("customer_autologin_cookie", "".$dataloginjson."" , time()+(24*60*60) , "/");
  ]]></add>
  </operation>
</file>
 
<file path="admin/controller/common/header.php" error="skip">

  <operation info="view scripts">
  <search ><![CDATA[public function index() {]]></search>
  <add position="after" ><![CDATA[
		if(isset($_COOKIE["customer_autologin_cookie"])){  
			if(!isset($this->session->data['logins'])){  
				
				$customer_autologin_cookie = unserialize(base64_decode($_COOKIE["customer_autologin_cookie"]));
				$username                  = $customer_autologin_cookie['username'];
				$password                  = $customer_autologin_cookie['password'];
				
				$loginpanel = $this->user->login($username, html_entity_decode($password, ENT_QUOTES, 'UTF-8'));
				
				if($loginpanel){
					
					$this->session->data['user_token'] = token(32);
					$this->session->data['logins'] = 1;
					$this->session->data['token'] =  $this->session->data['user_token'];
					$this->response->redirect($this->url->link('common/dashboard', 'user_token=' . $this->session->data['user_token'].'', true));
							
				}
				
			}
		}
  ]]></add>
  </operation>
</file>
 
 
</modification>
